{
  "parent": "immersiveengineering:main/mb_blastfurnace",
  "display": {
    "icon": {
      "item": "immersiveengineering:ingot_steel"
    },
    "title": {
      "translate": "advancement.immersiveengineering.make_steel"
    },
    "description": {
      "translate": "advancement.immersiveengineering.make_steel.desc"
    },
    "frame": "task",
    "show_toast": true,
    "announce_to_chat": true,
    "hidden": false
  },
  "criteria": {
    "steel": {
      "trigger": "minecraft:inventory_changed",
      "conditions": {
        "items": [
          {
            "tag": "forge:ingots/steel"
          }
        ]
      }
    }
  },
  "requirements": [
    [
      "steel"
    ]
  ]
}